image,class
flickr_cat_000002.jpg,opened
flickr_cat_000003.jpg,opened
flickr_cat_000004.jpg,opened
flickr_cat_000005.jpg,opened
flickr_cat_000006.jpg,opened
flickr_cat_000007.jpg,opened
flickr_cat_000009.jpg,opened
flickr_cat_000010.jpg,opened
flickr_cat_000012.jpg,opened
flickr_cat_000013.jpg,opened
flickr_cat_000014.jpg,opened
flickr_cat_000015.jpg,opened
flickr_cat_000017.jpg,opened
flickr_cat_000018.jpg,opened
flickr_cat_000019.jpg,opened
flickr_cat_000020.jpg,opened
flickr_cat_000021.jpg,opened
flickr_cat_000022.jpg,opened
flickr_cat_000023.jpg,opened
flickr_cat_000024.jpg,opened
flickr_cat_000025.jpg,opened
flickr_cat_000026.jpg,opened
flickr_cat_000027.jpg,opened
flickr_cat_000028.jpg,opened
flickr_cat_000029.jpg,close
flickr_cat_000030.jpg,opened
flickr_cat_000031.jpg,opened
flickr_cat_000032.jpg,opened
flickr_cat_000033.jpg,opened
flickr_cat_000034.jpg,opened
flickr_cat_000035.jpg,opened
flickr_cat_000036.jpg,opened
flickr_cat_000037.jpg,opened
flickr_cat_000038.jpg,opened
flickr_cat_000039.jpg,opened
flickr_cat_000040.jpg,close
flickr_cat_000041.jpg,opened
flickr_cat_000042.jpg,opened
flickr_cat_000043.jpg,opened
flickr_cat_000044.jpg,opened
flickr_cat_000045.jpg,opened
flickr_cat_000046.jpg,opened
flickr_cat_000047.jpg,opened
flickr_cat_000048.jpg,opened
flickr_cat_000049.jpg,opened
flickr_cat_000050.jpg,opened
flickr_cat_000051.jpg,opened
flickr_cat_000052.jpg,opened
flickr_cat_000053.jpg,opened
flickr_cat_000054.jpg,opened
flickr_cat_000055.jpg,opened
flickr_cat_000057.jpg,opened
flickr_cat_000058.jpg,opened
flickr_cat_000059.jpg,opened
flickr_cat_000060.jpg,opened
flickr_cat_000061.jpg,opened
flickr_cat_000062.jpg,opened
flickr_cat_000063.jpg,opened
flickr_cat_000064.jpg,opened
flickr_cat_000065.jpg,opened
flickr_cat_000066.jpg,opened
flickr_cat_000067.jpg,close
flickr_cat_000068.jpg,close
flickr_cat_000069.jpg,opened
flickr_cat_000070.jpg,opened
flickr_cat_000071.jpg,opened
flickr_cat_000072.jpg,opened
flickr_cat_000073.jpg,opened
flickr_cat_000074.jpg,opened
flickr_cat_000075.jpg,opened
flickr_cat_000077.jpg,opened
flickr_cat_000078.jpg,opened
flickr_cat_000079.jpg,opened
flickr_cat_000081.jpg,opened
flickr_cat_000082.jpg,opened
flickr_cat_000083.jpg,opened
flickr_cat_000084.jpg,opened
flickr_cat_000085.jpg,opened
flickr_cat_000086.jpg,opened
flickr_cat_000087.jpg,opened
flickr_cat_000088.jpg,opened
flickr_cat_000089.jpg,opened
flickr_cat_000090.jpg,opened
flickr_cat_000091.jpg,opened
flickr_cat_000092.jpg,opened
flickr_cat_000093.jpg,opened
flickr_cat_000094.jpg,opened
flickr_cat_000095.jpg,opened
flickr_cat_000097.jpg,opened
flickr_cat_000098.jpg,opened
flickr_cat_000099.jpg,opened
flickr_cat_000100.jpg,opened
flickr_cat_000101.jpg,opened
flickr_cat_000102.jpg,opened
flickr_cat_000103.jpg,opened
flickr_cat_000104.jpg,opened
flickr_cat_000105.jpg,opened
flickr_cat_000106.jpg,opened
flickr_cat_000107.jpg,opened
flickr_cat_000109.jpg,opened
flickr_cat_000110.jpg,close
flickr_cat_000111.jpg,close
flickr_cat_000112.jpg,opened
flickr_cat_000113.jpg,opened
flickr_cat_000114.jpg,opened
flickr_cat_000115.jpg,opened
flickr_cat_000116.jpg,opened
flickr_cat_000117.jpg,opened
flickr_cat_000118.jpg,opened
flickr_cat_000119.jpg,opened
flickr_cat_000120.jpg,opened
flickr_cat_000121.jpg,opened
flickr_cat_000122.jpg,opened
flickr_cat_000124.jpg,opened
flickr_cat_000125.jpg,opened
flickr_cat_000126.jpg,opened
flickr_cat_000127.jpg,opened
flickr_cat_000128.jpg,opened
flickr_cat_000129.jpg,opened
flickr_cat_000130.jpg,opened
flickr_cat_000131.jpg,opened
flickr_cat_000132.jpg,opened
flickr_cat_000133.jpg,opened
flickr_cat_000134.jpg,opened
flickr_cat_000135.jpg,opened
flickr_cat_000137.jpg,opened
flickr_cat_000138.jpg,opened
flickr_cat_000139.jpg,opened
flickr_cat_000140.jpg,opened
flickr_cat_000141.jpg,opened
flickr_cat_000142.jpg,opened
flickr_cat_000143.jpg,opened
flickr_cat_000144.jpg,opened
flickr_cat_000145.jpg,close
flickr_cat_000146.jpg,opened
flickr_cat_000147.jpg,opened
flickr_cat_000148.jpg,opened
flickr_cat_000149.jpg,opened
flickr_cat_000150.jpg,opened
flickr_cat_000151.jpg,opened
flickr_cat_000153.jpg,opened
flickr_cat_000154.jpg,opened
flickr_cat_000155.jpg,opened
flickr_cat_000156.jpg,opened
flickr_cat_000157.jpg,opened
flickr_cat_000158.jpg,opened
flickr_cat_000159.jpg,opened
flickr_cat_000160.jpg,opened
flickr_cat_000161.jpg,opened
flickr_cat_000163.jpg,opened
flickr_cat_000164.jpg,opened
flickr_cat_000166.jpg,opened
flickr_cat_000167.jpg,opened
flickr_cat_000168.jpg,opened
flickr_cat_000169.jpg,opened
flickr_cat_000170.jpg,opened
flickr_cat_000171.jpg,opened
flickr_cat_000172.jpg,opened
flickr_cat_000173.jpg,opened
flickr_cat_000178.jpg,opened
flickr_cat_000179.jpg,opened
flickr_cat_000181.jpg,opened
flickr_cat_000185.jpg,opened
flickr_cat_000186.jpg,opened
flickr_cat_000187.jpg,opened
flickr_cat_000188.jpg,opened
flickr_cat_000189.jpg,opened
flickr_cat_000190.jpg,opened
flickr_cat_000192.jpg,opened
flickr_cat_000193.jpg,opened
flickr_cat_000194.jpg,opened
flickr_cat_000195.jpg,opened
flickr_cat_000196.jpg,opened
flickr_cat_000197.jpg,opened
flickr_cat_000198.jpg,opened
flickr_cat_000199.jpg,opened
flickr_cat_000200.jpg,opened
flickr_cat_000201.jpg,opened
flickr_cat_000202.jpg,opened
flickr_cat_000203.jpg,opened
flickr_cat_000204.jpg,opened
flickr_cat_000205.jpg,opened
flickr_cat_000206.jpg,opened
flickr_cat_000207.jpg,opened
flickr_cat_000209.jpg,opened
flickr_cat_000210.jpg,opened
flickr_cat_000211.jpg,opened
flickr_cat_000212.jpg,opened
flickr_cat_000213.jpg,close
flickr_cat_000214.jpg,close
flickr_cat_000215.jpg,opened
flickr_cat_000217.jpg,opened
flickr_cat_000218.jpg,opened
flickr_cat_000219.jpg,opened
flickr_cat_000220.jpg,opened
flickr_cat_000221.jpg,opened
flickr_cat_000222.jpg,opened
flickr_cat_000223.jpg,opened
flickr_cat_000224.jpg,opened
flickr_cat_000225.jpg,opened
flickr_cat_000227.jpg,opened
flickr_cat_000228.jpg,opened
flickr_cat_000229.jpg,close
flickr_cat_000231.jpg,opened
flickr_cat_000234.jpg,opened
flickr_cat_000235.jpg,close
flickr_cat_000237.jpg,opened
flickr_cat_000239.jpg,opened
flickr_cat_000240.jpg,opened
flickr_cat_000241.jpg,opened
flickr_cat_000242.jpg,opened
flickr_cat_000243.jpg,opened
flickr_cat_000244.jpg,opened
flickr_cat_000245.jpg,opened
flickr_cat_000246.jpg,opened
flickr_cat_000247.jpg,close
flickr_cat_000248.jpg,opened
flickr_cat_000249.jpg,opened
flickr_cat_000250.jpg,opened
flickr_cat_000251.jpg,opened
flickr_cat_000252.jpg,opened
flickr_cat_000254.jpg,opened
flickr_cat_000255.jpg,opened
flickr_cat_000256.jpg,opened
flickr_cat_000257.jpg,opened
flickr_cat_000258.jpg,opened
flickr_cat_000259.jpg,close
flickr_cat_000260.jpg,opened
flickr_cat_000261.jpg,opened
flickr_cat_000262.jpg,opened
flickr_cat_000263.jpg,opened
flickr_cat_000264.jpg,opened
flickr_cat_000266.jpg,opened
flickr_cat_000267.jpg,opened
flickr_cat_000268.jpg,opened
flickr_cat_000269.jpg,opened
flickr_cat_000270.jpg,opened
flickr_cat_000271.jpg,opened
flickr_cat_000272.jpg,opened
flickr_cat_000273.jpg,opened
flickr_cat_000274.jpg,opened
flickr_cat_000275.jpg,opened
flickr_cat_000276.jpg,opened
flickr_cat_000277.jpg,opened
flickr_cat_000278.jpg,opened
flickr_cat_000279.jpg,opened
flickr_cat_000280.jpg,opened
flickr_cat_000281.jpg,opened
flickr_cat_000282.jpg,opened
flickr_cat_000284.jpg,opened
flickr_cat_000285.jpg,opened
flickr_cat_000286.jpg,opened
flickr_cat_000288.jpg,opened
flickr_cat_000289.jpg,close
flickr_cat_000290.jpg,opened
flickr_cat_000291.jpg,opened
flickr_cat_000293.jpg,opened
flickr_cat_000294.jpg,close
flickr_cat_000295.jpg,opened
flickr_cat_000296.jpg,opened
flickr_cat_000297.jpg,opened
flickr_cat_000298.jpg,opened
flickr_cat_000299.jpg,opened
flickr_cat_000300.jpg,opened
flickr_cat_000301.jpg,opened
flickr_cat_000302.jpg,opened
flickr_cat_000303.jpg,opened
flickr_cat_000304.jpg,opened
flickr_cat_000305.jpg,opened
flickr_cat_000306.jpg,opened
flickr_cat_000307.jpg,opened
flickr_cat_000308.jpg,opened
flickr_cat_000309.jpg,opened
flickr_cat_000310.jpg,opened
flickr_cat_000312.jpg,opened
flickr_cat_000313.jpg,opened
flickr_cat_000315.jpg,opened
flickr_cat_000316.jpg,opened
flickr_cat_000317.jpg,opened
flickr_cat_000318.jpg,opened
flickr_cat_000319.jpg,opened
flickr_cat_000321.jpg,opened
flickr_cat_000322.jpg,opened
flickr_cat_000323.jpg,opened
flickr_cat_000324.jpg,opened
flickr_cat_000325.jpg,opened
flickr_cat_000326.jpg,opened
flickr_cat_000327.jpg,opened
flickr_cat_000328.jpg,opened
flickr_cat_000329.jpg,opened
flickr_cat_000330.jpg,opened
flickr_cat_000331.jpg,opened
flickr_cat_000332.jpg,opened
flickr_cat_000333.jpg,opened
flickr_cat_000334.jpg,opened
flickr_cat_000335.jpg,opened
flickr_cat_000336.jpg,opened
flickr_cat_000337.jpg,opened
flickr_cat_000338.jpg,opened
flickr_cat_000339.jpg,opened
flickr_cat_000340.jpg,opened
flickr_cat_000342.jpg,opened
flickr_cat_000343.jpg,close
flickr_cat_000344.jpg,opened
flickr_cat_000345.jpg,opened
flickr_cat_000346.jpg,opened
flickr_cat_000347.jpg,opened
flickr_cat_000348.jpg,opened
flickr_cat_000349.jpg,opened
flickr_cat_000352.jpg,opened
flickr_cat_000353.jpg,opened
flickr_cat_000354.jpg,opened
flickr_cat_000355.jpg,opened
flickr_cat_000356.jpg,opened
flickr_cat_000357.jpg,opened
flickr_cat_000358.jpg,opened
flickr_cat_000359.jpg,opened
flickr_cat_000360.jpg,opened
flickr_cat_000361.jpg,opened
flickr_cat_000362.jpg,opened
flickr_cat_000363.jpg,opened
flickr_cat_000364.jpg,opened
flickr_cat_000365.jpg,opened
flickr_cat_000366.jpg,opened
flickr_cat_000367.jpg,opened
